<?xml version="1.0" encoding="UTF-8" standalone="no"?><EMPLEADOS><EMPLEADOS><empleado><código>1</código><nombre>Juan</nombre><dirección>Calle Clavel</dirección><sueldo>1000,01€</sueldo><comisión>110,57€</comisión></empleado><empleado><código>2</código><nombre>Silvia</nombre><dirección>Calle Amapola</dirección><sueldo>1125,50€</sueldo><comisión>160,35€</comisión></empleado><empleado><código>3</código><nombre>Andres</nombre><dirección>Calle Lirio</dirección><sueldo>1200,10€</sueldo><comisión>190,15€</comisión></empleado><empleado><código>4</código><nombre>Sonia</nombre><dirección>Calle Tulipan</dirección><sueldo>1501,37€</sueldo><comisión>350,50€</comisión></empleado><empleado><código>5</código><nombre>Estela</nombre><dirección>Calle Margarita</dirección><sueldo>2115,75€</sueldo><comisión>400,00€</comisión></empleado></EMPLEADOS></EMPLEADOS>